"keyText","category","Faucet","Sink","sort.value"
"Brokers Fee","",0,-11594195136692,-11594195136692
"Skill","NPC Market",0,-9563595506886.8,-9563595506886.8
"Transaction Tax","",0,-8068093184600,-8068093184600
"Blueprint","NPC Market",0,-6259446697427.94,-6259446697427.94
"LP Store","",0,-6097926700000,-6097926700000
"Manufacturing","",0,-1965803913012,-1965803913012
"Infrastructure Hub maintenance","",0,-6.35187e+11,-6.35187e+11
"Researching Material Productivity","",0,-605614041977,-605614041977
"Office Rental Fee","",0,-556900464764,-556900464764
"War Fee","",0,-403013924229,-403013924229
"Researching Time Productivity","",0,-309903050319,-309903050319
"Planetary Export Tax","",0,-190431877241,-190431877241
"Contract Brokers Fee","",0,-173035599899,-173035599899
"Contract Sales Tax","",0,-155036523255,-155036523255
"Bounty","",0,-134089854511,-134089854511
"Industry Job Tax","",0,-122877958622,-122877958622
"Jump Clone Activation Fee","",0,-92607300000,-92607300000
"Copying","",0,-77068213318,-77068213318
"Reprocessing Tax","",0,-69621699168,-69621699168
"Security Processing Fee","",0,-5.9071e+10,-5.9071e+10
"Planetary Import Tax","",0,-51642532652,-51642532652
"Jump Clone Installation Fee","",0,-26094600000,-26094600000
"Alliance Maintainance Fee","",0,-2.49e+10,-2.49e+10
"Contract Brokers Fee (corp)","",0,-23733456782,-23733456782
"Deployable","NPC Market",0,-2.2075e+10,-2.2075e+10
"Release Of Impounded Property","",0,-18198556438,-18198556438
"Celestial","NPC Market",0,-1.8e+10,-1.8e+10
"Reaction","NPC Market",0,-16670700000,-16670700000
"Planetary Interaction","NPC Market",0,-12263018593.97,-12263018593.97
"Planetary Construction","",23850000,-575467130000,23850000
"Repair Bill","",54501967,-134125391848,54501967
"Other","",17705811672,-89631889335,17705811672
"Corporation Registration Fee","",25595200200,-31922409200,25595200200
"Sovereignty Structures","NPC Market",35880528308.2,0,35880528308.2
"Bounty Reimbursement","",44430417185,0,44430417185
"Alliance Registration Fee","",9.9e+10,-1.83e+11,9.9e+10
"Project Discovery reward","",106751414870,0,106751414870
"Agent Mission Time Bonus Reward","",1103615294601,0,1103615294601
"Agent Mission Reward","",1176475744849,0,1176475744849
"Insurance","",5589570091423,-2663772319110,5589570091423
"Incursions Payout","",9869446284324,0,9869446284324
"Commodity","NPC Market",15500340904997.1,-491460090094.52,15500340904997.1
"Bounty Prizes","",42453496116891,0,42453496116891
