"keyText","category","Faucet","Sink","sort.value"
"Blueprint","NPC Market",0,-13467469976906.4,-13467469976906.4
"Skill","NPC Market",0,-13426030500805.1,-13426030500805.1
"Brokers Fee","",0,-11478571456172,-11478571456172
"Transaction Tax","",0,-9974579558945,-9974579558945
"LP Store","",0,-7476339275000,-7476339275000
"Manufacturing","",0,-3133994559962,-3133994559962
"Researching Material Productivity","",0,-783830206564,-783830206564
"Infrastructure Hub maintenance","",0,-7.38178e+11,-7.38178e+11
"Office Rental Fee","",0,-394998505358,-394998505358
"War Fee","",0,-358707454546,-358707454546
"Researching Time Productivity","",0,-348946593977,-348946593977
"Asset Safety recovery Tax","",0,-296711861041,-296711861041
"Contract Sales Tax","",0,-247795844895,-247795844895
"Contract Brokers Fee","",0,-233574042423,-233574042423
"Bounty","",0,-223227891954,-223227891954
"Planetary Export Tax","",0,-157206304125,-157206304125
"Copying","",0,-90129009051,-90129009051
"Jump Clone Activation Fee","",0,-84917700000,-84917700000
"Industry Job Tax","",0,-70549607821,-70549607821
"Security Processing Fee","",0,-6.5854e+10,-6.5854e+10
"Reprocessing Tax","",0,-62812675649,-62812675649
"Planetary Import Tax","",0,-39446333084,-39446333084
"Bounty Surcharge","",0,-36343862191,-36343862191
"Jump Clone Installation Fee","",0,-31977900000,-31977900000
"Contract Brokers Fee (corp)","",0,-29986473745,-29986473745
"Alliance Maintainance Fee","",0,-2.496e+10,-2.496e+10
"Deployable","NPC Market",0,-2.1275e+10,-2.1275e+10
"Reaction","NPC Market",0,-16493400000,-16493400000
"Planetary Interaction","NPC Market",0,-11429369753.58,-11429369753.58
"Repair Bill","",29504108,-102217729738,29504108
"Planetary Construction","",36900000,-600177320000,36900000
"Sovereignty Structures","NPC Market",11843633720.02,0,11843633720.02
"Corporation Registration Fee","",26535882600,-33455017600,26535882600
"Other","",40322727269,-92056403582,40322727269
"Alliance Registration Fee","",7.4e+10,-1.49e+11,7.4e+10
"Project Discovery reward","",150618013845,0,150618013845
"Agent Mission Time Bonus Reward","",1284357491748,0,1284357491748
"Agent Mission Reward","",1359791848298,0,1359791848298
"Insurance","",7211584980376,-3386768076877,7211584980376
"Incursions Payout","",10268443258150,0,10268443258150
"Commodity","NPC Market",21288992409540.6,-491945291094.5,21288992409540.6
"Bounty Prizes","",61685230854237,0,61685230854237
