"keyText","category","Faucet","Sink","sort.value"
"Transaction Tax","",0,-23973428623332,-23973428623332
"Brokers Fee","",0,-15993391804841,-15993391804841
"LP Store","",0,-8209180695000,-8209180695000
"Skill Purchase","",0,-7251076248000,-7251076248000
"Blueprint","NPC Market",0,-4504187652428.04,-4504187652428.04
"Skill","NPC Market",0,-4161502213354.26,-4161502213354.26
"Market provider tax","",0,-3595175510931,-3595175510931
"Asset Safety recovery Tax","",0,-3030657820731,-3030657820731
"Manufacturing","",0,-2574494033837,-2574494033837
"Hypernet Relay Tax","",0,-1853168993053,-1853168993053
"Infrastructure Hub maintenance","",0,-1298829000000,-1298829000000
"Researching Material Productivity","",0,-739842384729,-739842384729
"Reactions","",0,-676524331847,-676524331847
"Contract Brokers Fee","",0,-448264955617,-448264955617
"Researching Time Productivity","",0,-436080040928,-436080040928
"Office Rental Fee","",0,-381236615640,-381236615640
"Contract Sales Tax","",0,-278785337109,-278785337109
"War Fee","",0,-176350000000,-176350000000
"Bounty","",0,-169589692756,-169589692756
"Planetary Export Tax","",0,-135987241916,-135987241916
"Copying","",0,-116397491065,-116397491065
"Security Processing Fee","",0,-82789000000,-82789000000
"Jump Clone Activation Fee","",0,-76248900000,-76248900000
"Industry Job Tax","",0,-70618049260,-70618049260
"Reprocessing Tax","",0,-57047857464,-57047857464
"Contract Brokers Fee (corp)","",0,-50032747469,-50032747469
"Deployable","NPC Market",0,-20050000000,-20050000000
"Planetary Interaction","NPC Market",0,-12668265069.8,-12668265069.8
"Planetary Construction","",8595000,-563189850000,8595000
"Repair Bill","",34402220,-155382758292,34402220
"Corporation Registration Fee","",28366053800,-35053217800,28366053800
"Other","",36171317355,-195769124926,36171317355
"Alliance Registration Fee","",67000000000,-143000000000,67000000000
"Project Discovery reward","",379105932665,0,379105932665
"Agent Mission Time Bonus Reward","",1570586139143,0,1570586139143
"Agent Mission Reward","",1677674169963,0,1677674169963
"Insurance","",5124823191416,-2237509821060,5124823191416
"Incursions Payout","",16081941630428,0,16081941630428
"Commodity","NPC Market",31700784758907.2,-1118367313871.15,31700784758907.2
"Bounty Prizes","",52210612780730,0,52210612780730
