"keyText","category","Faucet","Sink","sort.value"
"Transaction Tax","",0,-23253879820663,-23253879820663
"Brokers Fee","",0,-15873498525904,-15873498525904
"LP Store","",0,-9291247170000,-9291247170000
"Skill Purchase","",0,-7757461444850,-7757461444850
"Skill","NPC Market",0,-4559375185931.79,-4559375185931.79
"Blueprint","NPC Market",0,-4368945948441.06,-4368945948441.06
"Market provider tax","",0,-3468388134484,-3468388134484
"Asset Safety recovery Tax","",0,-2689699190263,-2689699190263
"Manufacturing","",0,-2417507067882,-2417507067882
"Hypernet Relay Tax","",0,-1502176197765,-1502176197765
"Infrastructure Hub maintenance","",0,-1382227000000,-1382227000000
"Researching Material Productivity","",0,-731437052971,-731437052971
"Reactions","",0,-718456368422,-718456368422
"Contract Brokers Fee","",0,-414363134629,-414363134629
"Researching Time Productivity","",0,-414178009946,-414178009946
"Office Rental Fee","",0,-377483067836,-377483067836
"Contract Sales Tax","",0,-253315549635,-253315549635
"War Fee","",0,-218050000000,-218050000000
"Bounty","",0,-196069284958,-196069284958
"Planetary Export Tax","",0,-140930478958,-140930478958
"Copying","",0,-119035425498,-119035425498
"Jump Clone Activation Fee","",0,-79067700000,-79067700000
"Security Processing Fee","",0,-75273000000,-75273000000
"Industry Job Tax","",0,-69466721360,-69466721360
"Contract Brokers Fee (corp)","",0,-59308938174,-59308938174
"Reprocessing Tax","",0,-53210735954,-53210735954
"Planetary Interaction","NPC Market",0,-13853777865.09,-13853777865.09
"Deployable","NPC Market",0,-9900000000,-9900000000
"Planetary Construction","",21885000,-606440690000,21885000
"Repair Bill","",75034403,-165773674431,75034403
"Other","",36909900746,-211271630254,36909900746
"Corporation Registration Fee","",38270415600,-45056767200,38270415600
"Alliance Registration Fee","",101000000000,-174000000000,101000000000
"Project Discovery reward","",445682864080,0,445682864080
"Agent Mission Time Bonus Reward","",1712207798905,0,1712207798905
"Agent Mission Reward","",1893367778480,0,1893367778480
"Insurance","",5474494868523,-2476096496176,5474494868523
"Incursions Payout","",16852801075249,0,16852801075249
"Commodity","NPC Market",31745300363623.7,-463789223565.53,31745300363623.7
"Bounty Prizes","",46245178970588,0,46245178970588
