"keyText","category","Faucet","Sink","sort.value"
"Skill","NPC Market",0,-13858092973030.7,-13858092973030.7
"Transaction Tax","",0,-12007249233702,-12007249233702
"Brokers Fee","",0,-11917794449780,-11917794449780
"Blueprint","NPC Market",0,-8780705675617.68,-8780705675617.68
"LP Store","",0,-7454269735000,-7454269735000
"Manufacturing","",0,-3391021337967,-3391021337967
"Asset Safety recovery Tax","",0,-2103600571419,-2103600571419
"Infrastructure Hub maintenance","",0,-856828000000,-856828000000
"Researching Material Productivity","",0,-844866898703,-844866898703
"Reactions","",0,-617913545073,-617913545073
"Contract Brokers Fee","",0,-505131521370,-505131521370
"Researching Time Productivity","",0,-408324863209,-408324863209
"Office Rental Fee","",0,-369758750071,-369758750071
"Contract Sales Tax","",0,-352381743519,-352381743519
"War Fee","",0,-324616016390,-324616016390
"Bounty","",0,-246242819184,-246242819184
"Planetary Export Tax","",0,-160110189320,-160110189320
"Copying","",0,-139834433309,-139834433309
"Jump Clone Activation Fee","",0,-79140600000,-79140600000
"Contract Brokers Fee (corp)","",0,-71386454783,-71386454783
"Security Processing Fee","",0,-60941000000,-60941000000
"Industry Job Tax","",0,-55848834845,-55848834845
"Bounty Surcharge","",0,-49110940133,-49110940133
"Planetary Import Tax","",0,-45302142481,-45302142481
"Reprocessing Tax","",0,-40241018986,-40241018986
"Jump Clone Installation Fee","",0,-36405000000,-36405000000
"Planetary Interaction","NPC Market",0,-12931328867.4,-12931328867.4
"Deployable","NPC Market",0,-11275000000,-11275000000
"Planetary Construction","",17590000,-414813515000,17590000
"Repair Bill","",118292065,-106271628579,118292065
"Corporation Registration Fee","",23467466200,-29713085400,23467466200
"Other","",65818158913,-142356481510,65818158913
"Alliance Registration Fee","",109000000000,-204000000000,109000000000
"Project Discovery reward","",814495912718,0,814495912718
"Agent Mission Time Bonus Reward","",1329830889635,0,1329830889635
"Agent Mission Reward","",1497483698186,0,1497483698186
"Incursions Payout","",7706575906548,0,7706575906548
"Insurance","",7787127337476,-3903363343812,7787127337476
"Commodity","NPC Market",19213291394163.3,-533027478588.5,19213291394163.3
"Bounty Prizes","",63201984437469,0,63201984437469
