"keyText","category","Faucet","Sink","sort.value"
"Transaction Tax","",0,-13050826410248,-13050826410248
"Brokers Fee","",0,-10775760438175,-10775760438175
"Skill","NPC Market",0,-9169310041206.41,-9169310041206.41
"LP Store","",0,-9118314920000,-9118314920000
"Blueprint","NPC Market",0,-8286840140111.86,-8286840140111.86
"Skill Purchase","",0,-6844616449450,-6844616449450
"Manufacturing","",0,-3212649471932,-3212649471932
"Asset Safety recovery Tax","",0,-1747979285812,-1747979285812
"Infrastructure Hub maintenance","",0,-1534288000000,-1534288000000
"Researching Material Productivity","",0,-865930954789,-865930954789
"Reactions","",0,-684357843654,-684357843654
"Contract Brokers Fee","",0,-470463068754,-470463068754
"Researching Time Productivity","",0,-441527451996,-441527451996
"Office Rental Fee","",0,-416390416640,-416390416640
"Contract Sales Tax","",0,-322846908066,-322846908066
"War Fee","",0,-201850289641,-201850289641
"Bounty","",0,-185784537430,-185784537430
"Copying","",0,-142351002781,-142351002781
"Planetary Export Tax","",0,-125043257195,-125043257195
"Contract Brokers Fee (corp)","",0,-73090777305,-73090777305
"Jump Clone Activation Fee","",0,-71009100000,-71009100000
"Security Processing Fee","",0,-70693000000,-70693000000
"Industry Job Tax","",0,-52874847841,-52874847841
"Jump Clone Installation Fee","",0,-38692800000,-38692800000
"Planetary Import Tax","",0,-32094273967,-32094273967
"Reprocessing Tax","",0,-27371381788,-27371381788
"Planetary Interaction","NPC Market",0,-9631895087.8,-9631895087.8
"Deployable","NPC Market",0,-4175000000,-4175000000
"Planetary Construction","",5490000,-407329110000,5490000
"Repair Bill","",8803910,-100874844545,8803910
"Other","",14710707297,-115239820009,14710707297
"Corporation Registration Fee","",22333208000,-27767728600,22333208000
"Alliance Registration Fee","",95000000000,-170000000000,95000000000
"Project Discovery reward","",448767759790,0,448767759790
"Agent Mission Time Bonus Reward","",1438023527748,0,1438023527748
"Agent Mission Reward","",1607354602867,0,1607354602867
"Insurance","",4347732393870,-2329759452223,4347732393870
"Incursions Payout","",10849340926789,0,10849340926789
"Commodity","NPC Market",26449097883518.8,-548268806155.89,26449097883518.8
"Bounty Prizes","",55513540101259,0,55513540101259
