"keyText","category","Faucet","Sink","sort.value"
"Brokers Fee","",0,-10591682059557,-10591682059557
"Skill","NPC Market",0,-8841692424789.5,-8841692424789.5
"Transaction Tax","",0,-7707874379510,-7707874379510
"LP Store","",0,-5703469475000,-5703469475000
"Blueprint","NPC Market",0,-4482463079722.51,-4482463079722.51
"Manufacturing","",0,-1936255577754,-1936255577754
"Infrastructure Hub maintenance","",0,-7.31451e+11,-7.31451e+11
"Office Rental Fee","",0,-614062781597,-614062781597
"Researching Material Productivity","",0,-556635040174,-556635040174
"War Fee","",0,-348065918350,-348065918350
"Researching Time Productivity","",0,-308775646152,-308775646152
"Contract Brokers Fee","",0,-177012692816,-177012692816
"Planetary Export Tax","",0,-165748971514,-165748971514
"Contract Sales Tax","",0,-160491959790,-160491959790
"Bounty","",0,-130819444999,-130819444999
"Industry Job Tax","",0,-116073028677,-116073028677
"Jump Clone Activation Fee","",0,-84910500000,-84910500000
"Copying","",0,-77231715694,-77231715694
"Reprocessing Tax","",0,-57825501053,-57825501053
"Security Processing Fee","",0,-5.7216e+10,-5.7216e+10
"Planetary Import Tax","",0,-44223832686,-44223832686
"Bounty Surcharge","",0,-31427867460,-31427867460
"Contract Brokers Fee (corp)","",0,-26775283856,-26775283856
"Alliance Maintainance Fee","",0,-2.5578e+10,-2.5578e+10
"Deployable","NPC Market",0,-1.74e+10,-1.74e+10
"Reaction","NPC Market",0,-10359900000,-10359900000
"Planetary Interaction","NPC Market",0,-9445377887.62,-9445377887.62
"Celestial","NPC Market",0,-3.6e+09,-3.6e+09
"Repair Bill","",25168606,-124445062491,25168606
"Planetary Construction","",30660000,-469898030000,30660000
"Sovereignty Structures","NPC Market",4305850001.72,0,4305850001.72
"Other","",10178146777,-108526623864,10178146777
"Corporation Registration Fee","",21037370000,-26871840600,21037370000
"Bounty Reimbursement","",32590493642,0,32590493642
"Opportunity reward","",44734175000,0,44734175000
"Alliance Registration Fee","",6.3e+10,-1.4e+11,6.3e+10
"Project Discovery reward","",78072857880,0,78072857880
"Agent Mission Time Bonus Reward","",901419203269,0,901419203269
"Agent Mission Reward","",952417771717,0,952417771717
"Insurance","",5811544500952,-2633513098122,5811544500952
"Incursions Payout","",9138021165801,0,9138021165801
"Commodity","NPC Market",14103421599233.8,-439652591434.05,14103421599233.8
"Bounty Prizes","",42500742686757,0,42500742686757
