"keyText","category","Faucet","Sink","sort.value"
"Transaction Tax","",0,-11721292290307,-11721292290307
"Brokers Fee","",0,-9861022485882,-9861022485882
"LP Store","",0,-8571294220000,-8571294220000
"Skill","NPC Market",0,-7400460873594.6,-7400460873594.6
"Blueprint","NPC Market",0,-6922570834205.31,-6922570834205.31
"Skill Purchase","",0,-5929889622800,-5929889622800
"Asset Safety recovery Tax","",0,-1753846652180,-1753846652180
"Infrastructure Hub maintenance","",0,-1450085000000,-1450085000000
"Researching Material Productivity","",0,-809489618955,-809489618955
"Reactions","",0,-633029693655,-633029693655
"Researching Time Productivity","",0,-444358449493,-444358449493
"Office Rental Fee","",0,-425268783145,-425268783145
"Contract Brokers Fee","",0,-392045038336,-392045038336
"Contract Sales Tax","",0,-276245357337,-276245357337
"Bounty","",0,-223439769742,-223439769742
"War Fee","",0,-147120456314,-147120456314
"Copying","",0,-132764065002,-132764065002
"Planetary Export Tax","",0,-121402251941,-121402251941
"Security Processing Fee","",0,-62703000000,-62703000000
"Jump Clone Activation Fee","",0,-60552000000,-60552000000
"Contract Brokers Fee (corp)","",0,-59762686742,-59762686742
"Industry Job Tax","",0,-54197542374,-54197542374
"Planetary Import Tax","",0,-31855435025,-31855435025
"Jump Clone Installation Fee","",0,-30832200000,-30832200000
"Reprocessing Tax","",0,-28067424807,-28067424807
"Planetary Interaction","NPC Market",0,-8457791998.41,-8457791998.41
"Deployable","NPC Market",0,-2700000000,-2700000000
"Planetary Construction","",7895000,-354395090000,7895000
"Repair Bill","",8053884,-111760414884,8053884
"Manufacturing","",13639763,-2716232909143,13639763
"Other","",13458533474,-106924264172,13458533474
"Corporation Registration Fee","",19627946200,-24622521800,19627946200
"Alliance Registration Fee","",67000000000,-136000000000,67000000000
"Project Discovery reward","",427196572266,0,427196572266
"Agent Mission Time Bonus Reward","",1457291690935,0,1457291690935
"Agent Mission Reward","",1606960778362,0,1606960778362
"Insurance","",4138844805797,-2056617658767,4138844805797
"Incursions Payout","",6454798017419,0,6454798017419
"Commodity","NPC Market",23006378325724.5,-545484520923.25,23006378325724.5
"Bounty Prizes","",48219372411376,0,48219372411376
