"keyText","category","Faucet","Sink","sort.value"
"Transaction Tax","",0,-11633803700427,-11633803700427
"Brokers Fee","",0,-10274478209365,-10274478209365
"LP Store","",0,-9223723385000,-9223723385000
"Skill","NPC Market",0,-7626857278350.17,-7626857278350.17
"Skill Purchase","",0,-6821035325000,-6821035325000
"Blueprint","NPC Market",0,-5216079752672.79,-5216079752672.79
"Asset Safety recovery Tax","",0,-2663213139550,-2663213139550
"Manufacturing","",0,-2525277014107,-2525277014107
"Infrastructure Hub maintenance","",0,-1433509000000,-1433509000000
"Researching Material Productivity","",0,-729501595123,-729501595123
"Reactions","",0,-523076220705,-523076220705
"Office Rental Fee","",0,-466796914006,-466796914006
"Contract Brokers Fee","",0,-429042355330,-429042355330
"Researching Time Productivity","",0,-398418260052,-398418260052
"Contract Sales Tax","",0,-271652683312,-271652683312
"Bounty","",0,-193442116418,-193442116418
"War Fee","",0,-170300000000,-170300000000
"Copying","",0,-142577384342,-142577384342
"Planetary Export Tax","",0,-120435696701,-120435696701
"Jump Clone Activation Fee","",0,-64471500000,-64471500000
"Contract Brokers Fee (corp)","",0,-58550246103,-58550246103
"Security Processing Fee","",0,-56228000000,-56228000000
"Industry Job Tax","",0,-55956154309,-55956154309
"Jump Clone Installation Fee","",0,-33995700000,-33995700000
"Planetary Import Tax","",0,-30923622551,-30923622551
"Reprocessing Tax","",0,-30136147841,-30136147841
"Planetary Interaction","NPC Market",0,-9510078340.16,-9510078340.16
"Deployable","NPC Market",0,-1700000000,-1700000000
"Planetary Construction","",8775000,-365789155000,8775000
"Repair Bill","",56830613,-110638217345,56830613
"Other","",13184039351,-107174741461,13184039351
"Corporation Registration Fee","",22729958400,-28202874200,22729958400
"Alliance Registration Fee","",104000000000,-195000000000,104000000000
"Project Discovery reward","",333921737107,0,333921737107
"Agent Mission Time Bonus Reward","",1496372213032,0,1496372213032
"Agent Mission Reward","",1648124502673,0,1648124502673
"Insurance","",4383047951364,-2093771181544,4383047951364
"Incursions Payout","",8980727170975,0,8980727170975
"Commodity","NPC Market",22043809197192.4,-514397228687.19,22043809197192.4
"Bounty Prizes","",29130383797664,0,29130383797664
