"keyText","category","Faucet","Sink","sort.value"
"Skill","NPC Market",0,-13804517019150.1,-13804517019150.1
"Brokers Fee","",0,-11937605860780,-11937605860780
"Transaction Tax","",0,-11899766793402,-11899766793402
"Blueprint","NPC Market",0,-10069260708323.9,-10069260708323.9
"LP Store","",0,-7097804430000,-7097804430000
"Manufacturing","",0,-3149029826198,-3149029826198
"Infrastructure Hub maintenance","",0,-899633000000,-899633000000
"Researching Material Productivity","",0,-777352648003,-777352648003
"Asset Safety recovery Tax","",0,-619958038331,-619958038331
"Reactions","",0,-557890330609,-557890330609
"Contract Brokers Fee","",0,-401220469956,-401220469956
"Researching Time Productivity","",0,-389042885004,-389042885004
"War Fee","",0,-339062067905,-339062067905
"Office Rental Fee","",0,-312320137853,-312320137853
"Contract Sales Tax","",0,-303544559272,-303544559272
"Bounty","",0,-174870846461,-174870846461
"Planetary Export Tax","",0,-155730666816,-155730666816
"Copying","",0,-120848108643,-120848108643
"Contract Brokers Fee (corp)","",0,-67374732785,-67374732785
"Jump Clone Activation Fee","",0,-66400200000,-66400200000
"Security Processing Fee","",0,-58068000000,-58068000000
"Industry Job Tax","",0,-53785554868,-53785554868
"Planetary Import Tax","",0,-46207933703,-46207933703
"Reprocessing Tax","",0,-45536368141,-45536368141
"Bounty Surcharge","",0,-35677789407,-35677789407
"Deployable","NPC Market",0,-18600000000,-18600000000
"Planetary Interaction","NPC Market",0,-9075800665.99,-9075800665.99
"Repair Bill","",19915892,-95344175018,19915892
"Planetary Construction","",22280000,-355048380000,22280000
"Corporation Registration Fee","",22394000400,-28082889200,22394000400
"Other","",38666156908,-140797144376,38666156908
"Alliance Registration Fee","",96000000000,-178000000000,96000000000
"Bounty Reimbursement","",125398528288,0,125398528288
"Project Discovery reward","",408051475882,0,408051475882
"Agent Mission Time Bonus Reward","",1105974009455,0,1105974009455
"Agent Mission Reward","",1265897919962,0,1265897919962
"Insurance","",7290353064251,-3693272783990,7290353064251
"Incursions Payout","",8966842618076,0,8966842618076
"Commodity","NPC Market",20367562692773.5,-553904162617.6,20367562692773.5
"Bounty Prizes","",61479303729568,0,61479303729568
