"keyText","category","Faucet","Sink","sort.value"
"Skill","NPC Market",0,-11445489488306.1,-11445489488306.1
"Brokers Fee","",0,-10905344260774,-10905344260774
"Transaction Tax","",0,-10686420745630,-10686420745630
"Blueprint","NPC Market",0,-8606789940916.51,-8606789940916.51
"LP Store","",0,-6716614970000,-6716614970000
"Manufacturing","",0,-2859682872384,-2859682872384
"Infrastructure Hub maintenance","",0,-8.69834e+11,-8.69834e+11
"Researching Material Productivity","",0,-823184666610,-823184666610
"Contract Brokers Fee","",0,-397495612528,-397495612528
"Researching Time Productivity","",0,-353719591545,-353719591545
"War Fee","",0,-315661347967,-315661347967
"Contract Sales Tax","",0,-302690543008,-302690543008
"Office Rental Fee","",0,-279248612365,-279248612365
"Bounty","",0,-226344780410,-226344780410
"Asset Safety recovery Tax","",0,-214085128577,-214085128577
"Planetary Export Tax","",0,-150406613026,-150406613026
"Copying","",0,-107859516654,-107859516654
"Jump Clone Activation Fee","",0,-69342300000,-69342300000
"Industry Job Tax","",0,-55219171297,-55219171297
"Security Processing Fee","",0,-5.3292e+10,-5.3292e+10
"Reprocessing Tax","",0,-41951965998,-41951965998
"Bounty Surcharge","",0,-41398671893,-41398671893
"Contract Brokers Fee (corp)","",0,-40075687938,-40075687938
"Planetary Import Tax","",0,-39981224346,-39981224346
"Jump Clone Installation Fee","",0,-27438300000,-27438300000
"Alliance Maintainance Fee","",0,-2.602e+10,-2.602e+10
"Deployable","NPC Market",0,-2.01e+10,-2.01e+10
"Planetary Interaction","NPC Market",0,-7852599302.95,-7852599302.95
"Reaction","NPC Market",0,-3922200000,-3922200000
"Planetary Construction","",13195000,-414705565000,13195000
"Repair Bill","",95114627,-84354748209,95114627
"Sovereignty Structures","NPC Market",450001932.03,0,450001932.03
"Corporation Registration Fee","",24340957000,-30061841800,24340957000
"Other","",40318473523,-82202046934,40318473523
"Alliance Registration Fee","",9.7e+10,-1.65e+11,9.7e+10
"Project Discovery reward","",127689001830,0,127689001830
"Agent Mission Time Bonus Reward","",1171277654841,0,1171277654841
"Agent Mission Reward","",1254852660099,0,1254852660099
"Insurance","",5805830548365,-3045399064812,5805830548365
"Incursions Payout","",7065062195878,0,7065062195878
"Commodity","NPC Market",20919534667333.1,-543252706158.74,20919534667333.1
"Bounty Prizes","",63523754580748,0,63523754580748
