"keyText","category","Faucet","Sink","sort.value"
"Transaction Tax","",0,-11302441821719,-11302441821719
"Blueprint","NPC Market",0,-9968384230652.76,-9968384230652.76
"Brokers Fee","",0,-9579620588994,-9579620588994
"LP Store","",0,-8008795385000,-8008795385000
"Skill","NPC Market",0,-7542406029495.8,-7542406029495.8
"Skill Purchase","",0,-4985920418050,-4985920418050
"Manufacturing","",0,-3230989487432,-3230989487432
"Asset Safety recovery Tax","",0,-1592887760828,-1592887760828
"Infrastructure Hub maintenance","",0,-1457008000000,-1457008000000
"Researching Material Productivity","",0,-856170549099,-856170549099
"Reactions","",0,-659161699170,-659161699170
"Contract Brokers Fee","",0,-410103078162,-410103078162
"Office Rental Fee","",0,-402821681245,-402821681245
"Researching Time Productivity","",0,-386963614376,-386963614376
"War Fee","",0,-298073155518,-298073155518
"Contract Sales Tax","",0,-262830685191,-262830685191
"Bounty","",0,-196135743624,-196135743624
"Copying","",0,-132432516642,-132432516642
"Planetary Export Tax","",0,-114430241743,-114430241743
"Contract Brokers Fee (corp)","",0,-68924068436,-68924068436
"Jump Clone Activation Fee","",0,-62903700000,-62903700000
"Security Processing Fee","",0,-49341000000,-49341000000
"Bounty Surcharge","",0,-46057794928,-46057794928
"Industry Job Tax","",0,-45235827485,-45235827485
"Jump Clone Installation Fee","",0,-33833700000,-33833700000
"Planetary Import Tax","",0,-28904796970,-28904796970
"Deployable","NPC Market",0,-6900000000,-6900000000
"Planetary Interaction","NPC Market",0,-6874549150.7,-6874549150.7
"Planetary Construction","",8430000,-369280710000,8430000
"Repair Bill","",18097971,-85775912205,18097971
"Other","",17679855460,-117678601351,17679855460
"Corporation Registration Fee","",20925384000,-25996750000,20925384000
"Alliance Registration Fee","",49000000000,-105000000000,49000000000
"Project Discovery reward","",501292027420,0,501292027420
"Agent Mission Time Bonus Reward","",1260230699777,0,1260230699777
"Agent Mission Reward","",1386622185274,0,1386622185274
"Insurance","",4200142241991,-2196800083453,4200142241991
"Incursions Payout","",9167187403318,0,9167187403318
"Commodity","NPC Market",24596415975077.1,-491625163249.42,24596415975077.1
"Bounty Prizes","",57258814352558,0,57258814352558
