"keyText","category","Faucet","Sink","sort.value"
"Skill","NPC Market",0,-13859359051204.7,-13859359051204.7
"Transaction Tax","",0,-12162095347869,-12162095347869
"Brokers Fee","",0,-12087856168948,-12087856168948
"Blueprint","NPC Market",0,-10003226971263.5,-10003226971263.5
"LP Store","",0,-7102786515000,-7102786515000
"Manufacturing","",0,-3429079519976,-3429079519976
"Infrastructure Hub maintenance","",0,-968170000000,-968170000000
"Researching Material Productivity","",0,-880137244776,-880137244776
"Reactions","",0,-621634958129,-621634958129
"Asset Safety recovery Tax","",0,-513075576088,-513075576088
"Contract Brokers Fee","",0,-426381469368,-426381469368
"Researching Time Productivity","",0,-409563784384,-409563784384
"War Fee","",0,-390745042359,-390745042359
"Office Rental Fee","",0,-368465937576,-368465937576
"Contract Sales Tax","",0,-329014925904,-329014925904
"Bounty","",0,-258645626754,-258645626754
"Planetary Export Tax","",0,-151104736704,-151104736704
"Copying","",0,-128508511159,-128508511159
"Jump Clone Activation Fee","",0,-73326600000,-73326600000
"Contract Brokers Fee (corp)","",0,-69087699957,-69087699957
"Security Processing Fee","",0,-60829000000,-60829000000
"Industry Job Tax","",0,-58415549019,-58415549019
"Reprocessing Tax","",0,-48193326750,-48193326750
"Planetary Import Tax","",0,-41859874615,-41859874615
"Agent Mission Collateral Paid","",0,-38150885175,-38150885175
"Deployable","NPC Market",0,-12075000000,-12075000000
"Planetary Interaction","NPC Market",0,-8496802517.84,-8496802517.84
"Planetary Construction","",16840000,-422818850000,16840000
"Repair Bill","",21817706,-98002872522,21817706
"Other","",26188771819,-155173683109,26188771819
"Corporation Registration Fee","",27986901200,-34642069200,27986901200
"Agent Mission Collateral Refunded","",37931904217,0,37931904217
"Alliance Registration Fee","",72000000000,-129000000000,72000000000
"Project Discovery reward","",488604919273,0,488604919273
"Agent Mission Time Bonus Reward","",1342138496259,0,1342138496259
"Agent Mission Reward","",1499549614642,0,1499549614642
"Insurance","",8031453807781,-4953724709669,8031453807781
"Incursions Payout","",8788363534709,0,8788363534709
"Commodity","NPC Market",21063726420370.5,-581977273210.36,21063726420370.5
"Bounty Prizes","",67935891147396,0,67935891147396
