"keyText","category","Faucet","Sink","sort.value"
"Transaction Tax","",0,-19722782625743,-19722782625743
"Brokers Fee","",0,-12480449319272,-12480449319272
"LP Store","",0,-8070178040000,-8070178040000
"Skill Purchase","",0,-7807244293550,-7807244293550
"Skill","NPC Market",0,-4069778617060,-4069778617060
"Blueprint","NPC Market",0,-3201521796754.83,-3201521796754.83
"Asset Safety recovery Tax","",0,-3014556874701,-3014556874701
"Market provider tax","",0,-2983772895505,-2983772895505
"Manufacturing","",0,-2240786306741,-2240786306741
"Hypernet Relay Tax","",0,-2121940793292,-2121940793292
"Infrastructure Hub maintenance","",0,-1424745000000,-1424745000000
"Reactions","",0,-718143698968,-718143698968
"Researching Material Productivity","",0,-592047638737,-592047638737
"Office Rental Fee","",0,-436797307208,-436797307208
"Contract Brokers Fee","",0,-401876423288,-401876423288
"Researching Time Productivity","",0,-370351569846,-370351569846
"Contract Sales Tax","",0,-287297855331,-287297855331
"War Fee","",0,-204200000000,-204200000000
"Planetary Export Tax","",0,-120335711240,-120335711240
"Copying","",0,-106819975954,-106819975954
"Jump Clone Activation Fee","",0,-72226800000,-72226800000
"Contract Brokers Fee (corp)","",0,-69811668611,-69811668611
"Industry Job Tax","",0,-63338817877,-63338817877
"Security Processing Fee","",0,-53036000000,-53036000000
"Reprocessing Tax","",0,-50362938972,-50362938972
"Bounty","",0,-48742918566,-48742918566
"Planetary Interaction","NPC Market",0,-11030604488.37,-11030604488.37
"Deployable","NPC Market",0,-8625000000,-8625000000
"Planetary Construction","",11180000,-424991785000,11180000
"Repair Bill","",30531919,-124722519063,30531919
"Corporation Registration Fee","",21602099400,-26988626000,21602099400
"Other","",42292694170,-205916771416,42292694170
"Alliance Registration Fee","",93000000000,-163000000000,93000000000
"Structure Module","NPC Market",162400000000,-4216400000000,162400000000
"Project Discovery reward","",995378581351,0,995378581351
"Agent Mission Time Bonus Reward","",1418254380974,0,1418254380974
"Agent Mission Reward","",1525798576556,0,1525798576556
"Insurance","",7940126553303,-3783950656796,7940126553303
"Incursions Payout","",14730575527003,0,14730575527003
"Commodity","NPC Market",30740946278243.6,-462527575656.37,30740946278243.6
"Bounty Prizes","",55292382682791,0,55292382682791
