"keyText","category","Faucet","Sink","sort.value"
"Skill","NPC Market",0,-14682068288114.4,-14682068288114.4
"Brokers Fee","",0,-11224186094829,-11224186094829
"Transaction Tax","",0,-11090402212851,-11090402212851
"Blueprint","NPC Market",0,-10059865033104,-10059865033104
"LP Store","",0,-8365250610000,-8365250610000
"Manufacturing","",0,-3163085474583,-3163085474583
"Asset Safety recovery Tax","",0,-2626232232786,-2626232232786
"Infrastructure Hub maintenance","",0,-939869000000,-939869000000
"Researching Material Productivity","",0,-780760357707,-780760357707
"Reactions","",0,-602415339837,-602415339837
"Researching Time Productivity","",0,-438372382206,-438372382206
"Contract Brokers Fee","",0,-417655413581,-417655413581
"Office Rental Fee","",0,-412792726499,-412792726499
"War Fee","",0,-326036044522,-326036044522
"Contract Sales Tax","",0,-311848430653,-311848430653
"Bounty","",0,-156672060900,-156672060900
"Planetary Export Tax","",0,-145511457665,-145511457665
"Copying","",0,-136895157028,-136895157028
"Jump Clone Activation Fee","",0,-67430700000,-67430700000
"Contract Brokers Fee (corp)","",0,-67068830588,-67068830588
"Security Processing Fee","",0,-56952000000,-56952000000
"Industry Job Tax","",0,-48550121471,-48550121471
"Planetary Import Tax","",0,-38814192005,-38814192005
"Jump Clone Installation Fee","",0,-33969600000,-33969600000
"Reprocessing Tax","",0,-33694950958,-33694950958
"Agent Mission Collateral Paid","",0,-32876580291,-32876580291
"Planetary Interaction","NPC Market",0,-6950637127.65,-6950637127.65
"Deployable","NPC Market",0,-4625000000,-4625000000
"Repair Bill","",11701468,-84263426993,11701468
"Planetary Construction","",16470000,-419638580000,16470000
"Corporation Registration Fee","",24816097600,-30738557200,24816097600
"Other","",54956704344,-99108282237,54956704344
"Alliance Registration Fee","",69000000000,-148000000000,69000000000
"Agent Mission Time Bonus Reward","",1179278461863,0,1179278461863
"Agent Mission Reward","",1332932715271,0,1332932715271
"Project Discovery reward","",2424343841038,0,2424343841038
"Insurance","",7176684482140,-3890999268217,7176684482140
"Incursions Payout","",7293339901805,0,7293339901805
"Commodity","NPC Market",18692141395420.5,-501936107348.59,18692141395420.5
"Bounty Prizes","",56898394878911,0,56898394878911
