"keyText","category","Faucet","Sink","sort.value"
"Skill","NPC Market",0,-14264874223019.7,-14264874223019.7
"Brokers Fee","",0,-13078507472405,-13078507472405
"Transaction Tax","",0,-10966063899319,-10966063899319
"Blueprint","NPC Market",0,-10695226689529.6,-10695226689529.6
"LP Store","",0,-7262548135000,-7262548135000
"Manufacturing","",0,-2851698559637,-2851698559637
"Infrastructure Hub maintenance","",0,-7.88627e+11,-7.88627e+11
"Researching Material Productivity","",0,-650847703803,-650847703803
"War Fee","",0,-409060322115,-409060322115
"Office Rental Fee","",0,-384786111925,-384786111925
"Researching Time Productivity","",0,-319058529772,-319058529772
"Bounty","",0,-266717013108,-266717013108
"Contract Sales Tax","",0,-255806263855,-255806263855
"Contract Brokers Fee","",0,-255541577335,-255541577335
"Planetary Export Tax","",0,-198759463080,-198759463080
"Asset Safety recovery Tax","",0,-126488995150,-126488995150
"Industry Job Tax","",0,-102988033191,-102988033191
"Jump Clone Activation Fee","",0,-102153600000,-102153600000
"Copying","",0,-86684616410,-86684616410
"Reprocessing Tax","",0,-80225809918,-80225809918
"Security Processing Fee","",0,-7.6569e+10,-7.6569e+10
"Planetary Import Tax","",0,-52513920686,-52513920686
"Jump Clone Installation Fee","",0,-35965800000,-35965800000
"Contract Brokers Fee (corp)","",0,-30494389440,-30494389440
"Deployable","NPC Market",0,-2.62e+10,-2.62e+10
"Planetary Interaction","NPC Market",0,-13287629432.21,-13287629432.21
"Reaction","NPC Market",0,-6390900000,-6390900000
"Repair Bill","",20998001,-134226142612,20998001
"Planetary Construction","",53135000,-591684575000,53135000
"Sovereignty Structures","NPC Market",18039241255.7,0,18039241255.7
"Operation Bonus","",26089900000,0,26089900000
"Other","",27948391953,-150970634736,27948391953
"Opportunity reward","",39541250000,0,39541250000
"Corporation Registration Fee","",41305236200,-51503961200,41305236200
"Alliance Registration Fee","",8.9e+10,-1.79e+11,8.9e+10
"Project Discovery reward","",171278416545,0,171278416545
"Agent Mission Time Bonus Reward","",1478999663060,0,1478999663060
"Agent Mission Reward","",1519345898514,0,1519345898514
"Insurance","",7050018956223,-3530793384992,7050018956223
"Incursions Payout","",9728656490364,0,9728656490364
"Commodity","NPC Market",19133975083577.2,-658178072420.55,19133975083577.2
"Bounty Prizes","",56795602535274,0,56795602535274
