"keyText","category","Faucet","Sink","sort.value"
"Transaction Tax","",0,-18054514526775,-18054514526775
"Brokers Fee","",0,-11021634805515,-11021634805515
"LP Store","",0,-7535826300000,-7535826300000
"Skill Purchase","",0,-7490656994600,-7490656994600
"Skill","NPC Market",0,-4466138810470,-4466138810470
"Blueprint","NPC Market",0,-3460035960320.98,-3460035960320.98
"Market provider tax","",0,-2722980846529,-2722980846529
"Asset Safety recovery Tax","",0,-2443256412029,-2443256412029
"Manufacturing","",0,-2041915706150,-2041915706150
"Hypernet Relay Tax","",0,-1684981464039,-1684981464039
"Infrastructure Hub maintenance","",0,-1337924000000,-1337924000000
"Reactions","",0,-622484299340,-622484299340
"Researching Material Productivity","",0,-553379624998,-553379624998
"Office Rental Fee","",0,-418300579420,-418300579420
"Researching Time Productivity","",0,-382525529920,-382525529920
"Contract Brokers Fee","",0,-326640973954,-326640973954
"Contract Sales Tax","",0,-239121167790,-239121167790
"War Fee","",0,-179350000000,-179350000000
"Bounty","",0,-136229884904,-136229884904
"Planetary Export Tax","",0,-111832463781,-111832463781
"Copying","",0,-95512323478,-95512323478
"Jump Clone Activation Fee","",0,-68382900000,-68382900000
"Industry Job Tax","",0,-61130736739,-61130736739
"Security Processing Fee","",0,-54078000000,-54078000000
"Reprocessing Tax","",0,-51476120418,-51476120418
"Contract Brokers Fee (corp)","",0,-49923394376,-49923394376
"Planetary Interaction","NPC Market",0,-9269599517.99,-9269599517.99
"Deployable","NPC Market",0,-9225000000,-9225000000
"Planetary Construction","",10530000,-438889325000,10530000
"Repair Bill","",29641239,-119533077119,29641239
"Corporation Registration Fee","",22493188000,-27833320400,22493188000
"Other","",54937468332,-183833905843,54937468332
"Alliance Registration Fee","",56000000000,-121000000000,56000000000
"Structure Module","NPC Market",68349000000,-3369100000000,68349000000
"Project Discovery reward","",946938816622,0,946938816622
"Agent Mission Time Bonus Reward","",1339748801509,0,1339748801509
"Agent Mission Reward","",1433377745325,0,1433377745325
"Insurance","",5413889831763,-2808068399908,5413889831763
"Incursions Payout","",14314361649874,0,14314361649874
"Commodity","NPC Market",28440004253140.3,-458603317426.55,28440004253140.3
"Bounty Prizes","",50739713085734,0,50739713085734
