"keyText","category","Faucet","Sink","sort.value"
"Transaction Tax","",0,-20368021889759,-20368021889759
"Brokers Fee","",0,-11395872475283,-11395872475283
"Skill Purchase","",0,-6945052395450,-6945052395450
"LP Store","",0,-6647401945000,-6647401945000
"Skill","NPC Market",0,-5756791895639.94,-5756791895639.94
"Blueprint","NPC Market",0,-4394827780862.78,-4394827780862.78
"Manufacturing","",0,-2428853353902,-2428853353902
"Asset Safety recovery Tax","",0,-1896808363193,-1896808363193
"Infrastructure Hub maintenance","",0,-1304625000000,-1304625000000
"Researching Material Productivity","",0,-647132338690,-647132338690
"Reactions","",0,-468892684318,-468892684318
"Office Rental Fee","",0,-380309814096,-380309814096
"Researching Time Productivity","",0,-373760132718,-373760132718
"Contract Brokers Fee","",0,-345528835952,-345528835952
"Contract Sales Tax","",0,-235691830186,-235691830186
"War Fee","",0,-161550000000,-161550000000
"Bounty","",0,-159859667958,-159859667958
"Planetary Export Tax","",0,-109474466187,-109474466187
"Copying","",0,-97444812217,-97444812217
"Jump Clone Activation Fee","",0,-55883700000,-55883700000
"Security Processing Fee","",0,-55844000000,-55844000000
"Industry Job Tax","",0,-53673003102,-53673003102
"Contract Brokers Fee (corp)","",0,-50794637941,-50794637941
"Jump Clone Installation Fee","",0,-28593900000,-28593900000
"Planetary Import Tax","",0,-28148182886,-28148182886
"Reprocessing Tax","",0,-26966239202,-26966239202
"Planetary Interaction","NPC Market",0,-9817211593.09,-9817211593.09
"Deployable","NPC Market",0,-4600000000,-4600000000
"Planetary Construction","",2655000,-388587935000,2655000
"Repair Bill","",18887538,-135262893194,18887538
"Corporation Registration Fee","",24628921000,-30493787800,24628921000
"Other","",27426761963,-96493978365,27426761963
"Alliance Registration Fee","",29000000000,-97000000000,29000000000
"Project Discovery reward","",231633471134,0,231633471134
"Agent Mission Time Bonus Reward","",972015542503,0,972015542503
"Agent Mission Reward","",1020262506726,0,1020262506726
"Insurance","",4398732737424,-2011572437460,4398732737424
"Incursions Payout","",11783195239703,0,11783195239703
"Commodity","NPC Market",31969213987294,-428688838406.58,31969213987294
"Bounty Prizes","",42899437375355,0,42899437375355
