"keyText","category","Faucet","Sink","sort.value"
"Transaction Tax","",0,-17963916030998,-17963916030998
"Brokers Fee","",0,-11293537717018,-11293537717018
"LP Store","",0,-7273022370000,-7273022370000
"Skill Purchase","",0,-6868222887500,-6868222887500
"Skill","NPC Market",0,-3538217173000,-3538217173000
"Market provider tax","",0,-2572455944724,-2572455944724
"Blueprint","NPC Market",0,-2553007413489.98,-2553007413489.98
"Asset Safety recovery Tax","",0,-2316746546705,-2316746546705
"Manufacturing","",0,-2045906982284,-2045906982284
"Hypernet Relay Tax","",0,-1860110978439,-1860110978439
"Infrastructure Hub maintenance","",0,-1324267000000,-1324267000000
"Researching Material Productivity","",0,-645031777716,-645031777716
"Reactions","",0,-623556359191,-623556359191
"Office Rental Fee","",0,-443283919464,-443283919464
"Contract Brokers Fee","",0,-381349867879,-381349867879
"Researching Time Productivity","",0,-339658867976,-339658867976
"Contract Sales Tax","",0,-237084358810,-237084358810
"War Fee","",0,-182850000000,-182850000000
"Planetary Export Tax","",0,-105234562092,-105234562092
"Copying","",0,-86181216703,-86181216703
"Industry Job Tax","",0,-83780031157,-83780031157
"Jump Clone Activation Fee","",0,-71036100000,-71036100000
"Security Processing Fee","",0,-53395000000,-53395000000
"Contract Brokers Fee (corp)","",0,-48528551830,-48528551830
"Reprocessing Tax","",0,-36757880102,-36757880102
"Planetary Interaction","NPC Market",0,-7057062159.81,-7057062159.81
"Planetary Construction","",3590000,-345975800000,3590000
"Repair Bill","",32718988,-141162130085,32718988
"Deployable","NPC Market",3500000000,0,3500000000
"Corporation Registration Fee","",19864716600,-24913685400,19864716600
"Other","",39709408828,-168166026467,39709408828
"Alliance Registration Fee","",78000000000,-151000000000,78000000000
"Structure Module","NPC Market",321300000000,-6736315600000,321300000000
"Project Discovery reward","",858828257197,0,858828257197
"Agent Mission Time Bonus Reward","",1365358221271,0,1365358221271
"Agent Mission Reward","",1477730465120,0,1477730465120
"ESS Main Bank Autopayment","",6512017817306,0,6512017817306
"Insurance","",7024370614070,-2954623816854,7024370614070
"Incursions Payout","",16238734218827,0,16238734218827
"Bounty Prizes","",17049808539220,0,17049808539220
"Commodity","NPC Market",40591419412573.2,-441194384790.75,40591419412573.2
