"keyText","category","Faucet","Sink","sort.value"
"Skill","NPC Market",0,-14027069371445.1,-14027069371445.1
"Transaction Tax","",0,-11635812799834,-11635812799834
"Brokers Fee","",0,-10881903824130,-10881903824130
"Blueprint","NPC Market",0,-10226836862515.5,-10226836862515.5
"LP Store","",0,-8945316500000,-8945316500000
"Manufacturing","",0,-4108891246185,-4108891246185
"Asset Safety recovery Tax","",0,-1949303302766,-1949303302766
"Infrastructure Hub maintenance","",0,-1498245000000,-1498245000000
"Researching Material Productivity","",0,-859209553734,-859209553734
"Reactions","",0,-668111031738,-668111031738
"Contract Brokers Fee","",0,-424839666933,-424839666933
"Researching Time Productivity","",0,-418784207678,-418784207678
"Office Rental Fee","",0,-394451216335,-394451216335
"Contract Sales Tax","",0,-305438196131,-305438196131
"War Fee","",0,-265823193799,-265823193799
"Bounty","",0,-166833615143,-166833615143
"Planetary Export Tax","",0,-148152005191,-148152005191
"Copying","",0,-145708208773,-145708208773
"Contract Brokers Fee (corp)","",0,-74212013601,-74212013601
"Jump Clone Activation Fee","",0,-69968700000,-69968700000
"Security Processing Fee","",0,-60310000000,-60310000000
"Industry Job Tax","",0,-50560957848,-50560957848
"Planetary Import Tax","",0,-40152523673,-40152523673
"Jump Clone Installation Fee","",0,-39874500000,-39874500000
"Reprocessing Tax","",0,-34314479965,-34314479965
"Alliance Maintainance Fee","",0,-26982000000,-26982000000
"Deployable","NPC Market",0,-15525000000,-15525000000
"Planetary Interaction","NPC Market",0,-10656391886.42,-10656391886.42
"Planetary Construction","",20275000,-439220830000,20275000
"Repair Bill","",98841274,-93210772407,98841274
"Corporation Registration Fee","",26643069200,-32543131600,26643069200
"Other","",37938687486,-108734524719,37938687486
"Alliance Registration Fee","",53000000000,-118000000000,53000000000
"Project Discovery reward","",769175995428,0,769175995428
"Agent Mission Time Bonus Reward","",1431688508802,0,1431688508802
"Agent Mission Reward","",1632209343578,0,1632209343578
"Insurance","",6446853495201,-3246090600444,6446853495201
"Incursions Payout","",10904803422151,0,10904803422151
"Commodity","NPC Market",25855958183622.1,-492646543875.57,25855958183622.1
"Bounty Prizes","",83781765352397,0,83781765352397
