"keyText","category","Faucet","Sink","sort.value"
"Skill","NPC Market",0,-12909942249665.3,-12909942249665.3
"Brokers Fee","",0,-11324858898636,-11324858898636
"Transaction Tax","",0,-10827214429379,-10827214429379
"Blueprint","NPC Market",0,-8784278962794.45,-8784278962794.45
"LP Store","",0,-7129453520000,-7129453520000
"Manufacturing","",0,-3110914149258,-3110914149258
"Researching Material Productivity","",0,-918961516523,-918961516523
"Infrastructure Hub maintenance","",0,-8.86123e+11,-8.86123e+11
"Researching Time Productivity","",0,-381226732852,-381226732852
"Contract Brokers Fee","",0,-369625557817,-369625557817
"War Fee","",0,-358689895298,-358689895298
"Office Rental Fee","",0,-315194756683,-315194756683
"Contract Sales Tax","",0,-302681397792,-302681397792
"Asset Safety recovery Tax","",0,-220307482959,-220307482959
"Bounty","",0,-217136601283,-217136601283
"Planetary Export Tax","",0,-159510224049,-159510224049
"Copying","",0,-112645416178,-112645416178
"Jump Clone Activation Fee","",0,-77530500000,-77530500000
"Industry Job Tax","",0,-63989779281,-63989779281
"Security Processing Fee","",0,-6.2083e+10,-6.2083e+10
"Contract Brokers Fee (corp)","",0,-46520645428,-46520645428
"Reprocessing Tax","",0,-46484048986,-46484048986
"Planetary Import Tax","",0,-43254765785,-43254765785
"Bounty Surcharge","",0,-35402536508,-35402536508
"Jump Clone Installation Fee","",0,-30173400000,-30173400000
"Alliance Maintainance Fee","",0,-2.7404e+10,-2.7404e+10
"Deployable","NPC Market",0,-1.1325e+10,-1.1325e+10
"Planetary Interaction","NPC Market",0,-10448392412.85,-10448392412.85
"Reaction","NPC Market",0,-4118400000,-4118400000
"Planetary Construction","",3.1e+07,-496729925000,3.1e+07
"Repair Bill","",32519939,-95326987467,32519939
"Sovereignty Structures","NPC Market",450001932.03,0,450001932.03
"Corporation Registration Fee","",28188476000,-35074015200,28188476000
"Other","",42923727304,-85068485095,42923727304
"Alliance Registration Fee","",8.9e+10,-1.63e+11,8.9e+10
"Project Discovery reward","",131962314530,0,131962314530
"Agent Mission Time Bonus Reward","",1308018472088,0,1308018472088
"Agent Mission Reward","",1381040047192,0,1381040047192
"Insurance","",5825997083071,-3227538048902,5825997083071
"Incursions Payout","",9923373833224,0,9923373833224
"Commodity","NPC Market",24300859735371,-603269917818.76,24300859735371
"Bounty Prizes","",69410991741765,0,69410991741765
