"keyText","category","Faucet","Sink","sort.value"
"Skill","NPC Market",0,-14476210915705.1,-14476210915705.1
"Blueprint","NPC Market",0,-13710497339239.5,-13710497339239.5
"Brokers Fee","",0,-12965653166691,-12965653166691
"Transaction Tax","",0,-10968025385870,-10968025385870
"LP Store","",0,-7873062490000,-7873062490000
"Manufacturing","",0,-3202694928138,-3202694928138
"Infrastructure Hub maintenance","",0,-8.10901e+11,-8.10901e+11
"Researching Material Productivity","",0,-757080331075,-757080331075
"Office Rental Fee","",0,-396293954834,-396293954834
"War Fee","",0,-391179029999,-391179029999
"Researching Time Productivity","",0,-365513044444,-365513044444
"Contract Sales Tax","",0,-276265628992,-276265628992
"Contract Brokers Fee","",0,-269980475276,-269980475276
"Asset Safety recovery Tax","",0,-219117454273,-219117454273
"Planetary Export Tax","",0,-198502743108,-198502743108
"Bounty","",0,-185141508465,-185141508465
"Jump Clone Activation Fee","",0,-98560800000,-98560800000
"Copying","",0,-95627862677,-95627862677
"Reprocessing Tax","",0,-84027645181,-84027645181
"Industry Job Tax","",0,-83540569418,-83540569418
"Security Processing Fee","",0,-7.5444e+10,-7.5444e+10
"Planetary Import Tax","",0,-51788188033,-51788188033
"Bounty Surcharge","",0,-41716132676,-41716132676
"Jump Clone Installation Fee","",0,-36648900000,-36648900000
"Contract Brokers Fee (corp)","",0,-32051946932,-32051946932
"Alliance Maintainance Fee","",0,-2.6492e+10,-2.6492e+10
"Planetary Interaction","NPC Market",0,-17776986965.04,-17776986965.04
"Reaction","NPC Market",0,-16705800000,-16705800000
"Deployable","NPC Market",0,-1.6675e+10,-1.6675e+10
"Planetary Construction","",46425000,-638497045000,46425000
"Repair Bill","",55418616,-126952601749,55418616
"Sovereignty Structures","NPC Market",1996545267.05,0,1996545267.05
"Corporation Registration Fee","",35355580000,-44306461000,35355580000
"Other","",60916555856,-117641022156,60916555856
"Alliance Registration Fee","",1.29e+11,-2.32e+11,1.29e+11
"Project Discovery reward","",181413998615,0,181413998615
"Agent Mission Time Bonus Reward","",1506040860527,0,1506040860527
"Agent Mission Reward","",1575834646072,0,1575834646072
"Insurance","",6951783729301,-3402169610581,6951783729301
"Incursions Payout","",10196287882214,0,10196287882214
"Commodity","NPC Market",21101900391536,-627665196158.17,21101900391536
"Bounty Prizes","",57653908108987,0,57653908108987
