"keyText","category","Faucet","Sink","sort.value"
"Skill","NPC Market",0,-12520183151893.1,-12520183151893.1
"Brokers Fee","",0,-10851288786140,-10851288786140
"Transaction Tax","",0,-10142947808907,-10142947808907
"Blueprint","NPC Market",0,-9979579598131.73,-9979579598131.73
"LP Store","",0,-7290914685000,-7290914685000
"Manufacturing","",0,-2813851032949,-2813851032949
"Researching Material Productivity","",0,-992966012799,-992966012799
"Infrastructure Hub maintenance","",0,-8.63205e+11,-8.63205e+11
"Researching Time Productivity","",0,-387612978011,-387612978011
"War Fee","",0,-361797598666,-361797598666
"Office Rental Fee","",0,-339938468654,-339938468654
"Contract Brokers Fee","",0,-329896752296,-329896752296
"Contract Sales Tax","",0,-298339011425,-298339011425
"Bounty","",0,-188544499688,-188544499688
"Asset Safety recovery Tax","",0,-173063574754,-173063574754
"Planetary Export Tax","",0,-154637566787,-154637566787
"Copying","",0,-104685109910,-104685109910
"Jump Clone Activation Fee","",0,-78405300000,-78405300000
"Industry Job Tax","",0,-64573845868,-64573845868
"Security Processing Fee","",0,-6.1984e+10,-6.1984e+10
"Reprocessing Tax","",0,-47181684636,-47181684636
"Bounty Surcharge","",0,-42480992761,-42480992761
"Contract Brokers Fee (corp)","",0,-39474948029,-39474948029
"Planetary Import Tax","",0,-38568743604,-38568743604
"Jump Clone Installation Fee","",0,-30233700000,-30233700000
"Alliance Maintainance Fee","",0,-2.582e+10,-2.582e+10
"Planetary Interaction","NPC Market",0,-10760542640.28,-10760542640.28
"Deployable","NPC Market",0,-9.85e+09,-9.85e+09
"Reaction","NPC Market",0,-7893900000,-7893900000
"Repair Bill","",12080886,-94331438276,12080886
"Planetary Construction","",26445000,-544143565000,26445000
"Sovereignty Structures","NPC Market",1.215e+10,0,1.215e+10
"Corporation Registration Fee","",27345381400,-34256517400,27345381400
"Other","",37679238579,-81756265169,37679238579
"Alliance Registration Fee","",6.2e+10,-1.39e+11,6.2e+10
"Project Discovery reward","",149352931960,0,149352931960
"Agent Mission Time Bonus Reward","",1302584346271,0,1302584346271
"Agent Mission Reward","",1376020367558,0,1376020367558
"Insurance","",6176372687923,-3397642677185,6176372687923
"Incursions Payout","",9874974717733,0,9874974717733
"Commodity","NPC Market",23080947930308.9,-550194227216.05,23080947930308.9
"Bounty Prizes","",62286471435081,0,62286471435081
