"keyText","category","Faucet","Sink","sort.value"
"Transaction Tax","",0,-22107548163429,-22107548163429
"Brokers Fee","",0,-12477602333568,-12477602333568
"LP Store","",0,-7983264155000,-7983264155000
"Skill Purchase","",0,-5649106347300,-5649106347300
"Skill","NPC Market",0,-5398918159491.04,-5398918159491.04
"Blueprint","NPC Market",0,-3941273382359.04,-3941273382359.04
"Manufacturing","",0,-2141989132933,-2141989132933
"Asset Safety recovery Tax","",0,-1970861040562,-1970861040562
"Infrastructure Hub maintenance","",0,-1420132000000,-1420132000000
"Researching Material Productivity","",0,-733739938582,-733739938582
"Reactions","",0,-491176508931,-491176508931
"Office Rental Fee","",0,-457494539435,-457494539435
"Researching Time Productivity","",0,-425417647984,-425417647984
"Contract Brokers Fee","",0,-390131715972,-390131715972
"Contract Sales Tax","",0,-222298268252,-222298268252
"War Fee","",0,-183150000000,-183150000000
"Bounty","",0,-150112477533,-150112477533
"Planetary Export Tax","",0,-125203797721,-125203797721
"Copying","",0,-121260882506,-121260882506
"Jump Clone Activation Fee","",0,-63220500000,-63220500000
"Contract Brokers Fee (corp)","",0,-56466623466,-56466623466
"Industry Job Tax","",0,-55755650821,-55755650821
"Security Processing Fee","",0,-51578000000,-51578000000
"Planetary Import Tax","",0,-33059371942,-33059371942
"Reprocessing Tax","",0,-32852010446,-32852010446
"Jump Clone Installation Fee","",0,-31020300000,-31020300000
"Planetary Interaction","NPC Market",0,-11349291715.87,-11349291715.87
"Deployable","NPC Market",0,-850000000,-850000000
"Planetary Construction","",12915000,-372517745000,12915000
"Repair Bill","",49128511,-119689231216,49128511
"Other","",15443251277,-98923050792,15443251277
"Corporation Registration Fee","",24718509800,-30402599200,24718509800
"Alliance Registration Fee","",80000000000,-162000000000,80000000000
"Project Discovery reward","",384184450804,0,384184450804
"Agent Mission Time Bonus Reward","",1688718538124,0,1688718538124
"Agent Mission Reward","",1823420637729,0,1823420637729
"Insurance","",4260921243228,-1960374651047,4260921243228
"Incursions Payout","",10664477326781,0,10664477326781
"Bounty Prizes","",21196221451076,0,21196221451076
"Commodity","NPC Market",23832592894577.9,-495215246290.75,23832592894577.9
